"lote_evaluado","lotes_cercanos","distancias","ord_cercania","Arena","Arcilla","Limo","pH","MO","Al","B","Ca","CICE","Cu","Fe","K","Mg","Mn","P","S","Zn"
"1","1",0,0,0.24,0.22,0.54,6.9,2.2,0,0.3,20,24.1,2,16,0.5,3.6,1,34,9,1
"1","389",0.154821510162313,1,0.18,0.52,0.3,6.2,2.5,0,0.4,23,28.8,2.7,55,0.5,5.3,9,12,9,1
"1","60",0.158062573986157,2,0.22,0.52,0.26,5.8,2.1,0,0.2,24,31.7,4,40,0.6,7.1,5,22,11,1
"1","1474",0.158930200225896,3,0.16,0.6,0.24,6.2,2.2,0,0.6,19.7,30.8,8,57,0.82,10.2,7,16,5,2
"1","852",0.161314240767116,4,0.14,0.58,0.28,5.7,2.2,0,0.8,19.1,28.3,6,59,0.58,8.6,8,17,4,2
"1","51",0.165926295585255,5,0.22,0.5,0.28,5.8,2.4,0,0.4,24,31.4,3,48,0.8,6.6,4,21,12,1
"2","2",0,0,0.56,0.12,0.32,6.6,0.56,0,0.3,14,17.1,2,13,0.3,2.8,1,31,8,1
"2","211",0.102691634196586,1,0.2,0.46,0.34,5.7,1.7,0,0.2,18,24.7,2,41,0.57,6.1,5,14,5,1
"2","210",0.116054996431898,2,0.2,0.46,0.34,5.9,1.8,0,0.3,19,25.5,2,41,0.7,5.8,6,10,6,1
"2","445",0.144862258727036,3,0.2,0.5,0.3,6,2.1,0,0.21,15.5,23.5,5,51,0.63,7.4,5,17,8,2
"2","616",0.149224965140089,4,0.16,0.46,0.38,5.9,2,0,0.22,15.9,22.9,4,46,0.47,6.5,5,13,6,1
"2","198",0.154232300295846,5,0.18,0.44,0.38,5.7,1.5,0,0.3,18,24,3,38,0.6,5.4,6,12,8,1
"3","3",0,0,0.46,0.14,0.4,6.9,1.2,0,0.3,16,19,2,8,0.3,2.7,2,34,11,1
"3","206",0.158458532844119,1,0.14,0.54,0.32,6,1.6,0,0.2,20,27.5,3,40,0.4,7.1,6,14,3,1
"3","852",0.174326984958809,2,0.14,0.58,0.28,5.7,2.2,0,0.8,19.1,28.3,6,59,0.58,8.6,8,17,4,2
"3","1474",0.175816057313455,3,0.16,0.6,0.24,6.2,2.2,0,0.6,19.7,30.8,8,57,0.82,10.2,7,16,5,2
"3","389",0.176155382934238,4,0.18,0.52,0.3,6.2,2.5,0,0.4,23,28.8,2.7,55,0.5,5.3,9,12,9,1
"3","205",0.181265723363301,5,0.14,0.54,0.32,5.7,1.7,0,0.3,23,29.6,3,46,0.5,6.1,6,13,6,1
"4","4",0,0,0.28,0.24,0.48,6.8,2.3,0,0.3,19,23.4,3,15,0.4,4,3,36,14,1
"4","345",0.14498781021764,1,0.26,0.42,0.32,5.5,1.5,0,0.2,12,15.6,1,79,0.6,3,7,11,5,1
"4","1022",0.176869315689454,2,0.28,0.34,0.38,5.6,2.1,0,0.4,13.2,19.7,3,63,0.74,5.8,9,13,4,1
"4","553",0.179307321363838,3,0.28,0.4,0.32,5.7,2.1,0,0.37,15.5,20.9,6,69,0.44,5,5,23,5,2
"4","541",0.181570677243957,4,0.3,0.36,0.34,5.5,2.2,0,0.25,16.5,22.5,6,85,0.72,5.3,7,14,7,2
"4","671",0.182609785812792,5,0.34,0.38,0.28,5.7,1.5,0,0.32,13,20.1,4,54,0.55,6.5,5,10,6,2
"5","5",0,0,0.22,0.26,0.52,6.9,1.6,0,0.3,17,20.6,4,20,0.3,3.3,3,40,10,1
"5","143",0.80250667220394,1,0.24,0.38,0.38,5.9,2.8,0,0.5,23,30.8,4,64,1,6.8,19,34,6,2
"5","144",0.81104762590506,2,0.22,0.34,0.44,5.5,2.3,0,0.5,20,27.1,5,86,0.8,6.3,20,27,8,2
"5","394",0.812771720327395,3,0.16,0.6,0.26,5.3,3.5,0.3,0.4,16,22.5,3.7,96,0.4,5.8,15,9,26,1
"5","148",0.813926294827573,4,0.24,0.38,0.38,5.7,2.5,0,0.4,19,26.3,4,79,1.3,6,17,28,10,3
"5","393",0.818249036876319,5,0.12,0.62,0.26,5.3,3.6,0.3,0.4,22,29.2,4.8,99,0.5,6.4,14,12,19,1
"6","6",0,0,0.18,0.34,0.48,6.8,2.5,0,0.4,20,25.3,4,24,0.9,4.4,3,37,20,1
"6","210",0.17388506181452,1,0.2,0.46,0.34,5.9,1.8,0,0.3,19,25.5,2,41,0.7,5.8,6,10,6,1
"6","616",0.176814587515174,2,0.16,0.46,0.38,5.9,2,0,0.22,15.9,22.9,4,46,0.47,6.5,5,13,6,1
"6","211",0.178358943375544,3,0.2,0.46,0.34,5.7,1.7,0,0.2,18,24.7,2,41,0.57,6.1,5,14,5,1
"6","445",0.181480871637208,4,0.2,0.5,0.3,6,2.1,0,0.21,15.5,23.5,5,51,0.63,7.4,5,17,8,2
"6","200",0.181629876195649,5,0.14,0.46,0.4,6.4,1.5,0,0.3,17,22.5,3,37,0.3,5.2,4,18,3,1
"7","7",0,0,0.18,0.32,0.5,6.7,2.8,0,0.5,19,24.1,5,28,0.5,4.6,3,40,11,1
"7","616",0.120931065748214,1,0.16,0.46,0.38,5.9,2,0,0.22,15.9,22.9,4,46,0.47,6.5,5,13,6,1
"7","857",0.135111622248956,2,0.18,0.5,0.32,5.7,2.4,0,0.5,17.7,25.3,6,80,0.73,6.9,7,7,7,2
"7","619",0.149144542042273,3,0.12,0.5,0.38,5.8,1.9,0,0.21,15.6,22.4,4,51,0.55,6.2,5,13,6,2
"7","211",0.149809020516664,4,0.2,0.46,0.34,5.7,1.7,0,0.2,18,24.7,2,41,0.57,6.1,5,14,5,1
"7","210",0.155814913206239,5,0.2,0.46,0.34,5.9,1.8,0,0.3,19,25.5,2,41,0.7,5.8,6,10,6,1
"8","8",0,0,0.2,0.42,0.38,6.7,2.3,0,0.4,21,26.4,4,31,0.7,4.7,1,45,12,1
"8","993",0.225975980824882,1,0.12,0.6,0.28,6.3,3.9,0,0.7,22.6,29.9,6,78,0.69,6.6,4,21,15,1
"8","1101",0.245598459751243,2,0.16,0.58,0.26,5.6,3,0,0.5,17.5,26.1,6,62,0.63,8,5,17,5,1
"8","988",0.245817748159861,3,0.14,0.58,0.28,5.5,3.1,0,0.7,18.7,27.6,8,88,0.65,8.2,7,17,12,2
"8","709",0.246005566860988,4,0.16,0.64,0.2,5.7,4,0,0.33,17.7,25.9,7,69,0.46,7.7,6,9,7,2
"8","708",0.260172722183861,5,0.14,0.62,0.24,5.7,3.9,0,0.29,18,27.8,7,48,1.1,8.7,7,14,8,3
"9","9",0,0,0.16,0.46,0.38,6.7,3.2,0,0.4,23,29.1,5,31,0.7,5.4,3,41,11,1
"9","130",0.163703301434569,1,0.28,0.4,0.32,5.7,3.3,0,0.2,18,26.3,3,35,0.5,7.8,2,15,5,1
"9","1108",0.176680792281085,2,0.26,0.36,0.38,6.3,2.8,0,0.5,19,27.9,5,35,0.83,8.1,3,19,1.9,2
"9","1106",0.192499861557491,3,0.24,0.4,0.36,6,2.9,0,0.6,20.4,30,6,57,0.82,8.8,3,16,6,1
"9","571",0.193262431335816,4,0.3,0.4,0.3,6.4,2.3,0,0.5,17.8,24.5,5,45,0.57,6.1,3,20,6,2
"9","1090",0.198503961024645,5,0.24,0.4,0.36,6.8,2.8,0,0.6,20.1,25.7,4,36,0.64,5,3,26,5,1
"10","10",0,0,0.12,0.54,0.34,7,2,0,0.3,20,24.8,4,28,0.4,4.4,3,37,11,1
"10","289",2.87326030578684,1,0,0,0,7.4,2.2,0,0.4,38,45,2,69,0.6,6.4,87,29,13,3
"10","1468",3.08749449584053,2,0.22,0.5,0.28,4.9,4.5,0.8,0.9,20.1,28.7,13,383,0.95,6.7,14,19,20,4
"10","1469",3.08749449584053,3,0.22,0.5,0.28,4.9,4.5,0.8,0.9,20.1,28.7,13,383,0.95,6.7,14,19,20,4
"10","1470",3.08749449584053,4,0.22,0.5,0.28,4.9,4.5,0.8,0.9,20.1,28.7,13,383,0.95,6.7,14,19,20,4
"10","1471",3.08749449584053,5,0.22,0.5,0.28,4.9,4.5,0.8,0.9,20.1,28.7,13,383,0.95,6.7,14,19,20,4
"11","11",0,0,0.28,0.36,0.36,6.6,2.5,0,0.3,22,26.8,5,34,0.6,4.2,5,42,10,2
"11","1468",3.51287325705939,1,0.22,0.5,0.28,4.9,4.5,0.8,0.9,20.1,28.7,13,383,0.95,6.7,14,19,20,4
"11","1469",3.51287325705939,2,0.22,0.5,0.28,4.9,4.5,0.8,0.9,20.1,28.7,13,383,0.95,6.7,14,19,20,4
"11","1470",3.51287325705939,3,0.22,0.5,0.28,4.9,4.5,0.8,0.9,20.1,28.7,13,383,0.95,6.7,14,19,20,4
"11","1471",3.51287325705939,4,0.22,0.5,0.28,4.9,4.5,0.8,0.9,20.1,28.7,13,383,0.95,6.7,14,19,20,4
"11","1472",3.51287325705939,5,0.22,0.5,0.28,4.9,4.5,0.8,0.9,20.1,28.7,13,383,0.95,6.7,14,19,20,4
"12","12",0,0,0.16,0.38,0.46,6.6,2.3,0,0.3,20,25.3,5,39,0.5,4.8,4,43,16,2
"12","144",0.31947755163392,1,0.22,0.34,0.44,5.5,2.3,0,0.5,20,27.1,5,86,0.8,6.3,20,27,8,2
"12","148",0.330683584658023,2,0.24,0.38,0.38,5.7,2.5,0,0.4,19,26.3,4,79,1.3,6,17,28,10,3
"12","29",0.334976880935159,3,0.22,0.42,0.36,6.5,2.8,0,0.3,23,29.4,8,56,0.5,5.9,14,13,8,1
"12","149",0.344772913312283,4,0.14,0.42,0.44,5.7,2.2,0,0.4,21,28.4,4,67,1.1,6.3,16,31,9,2
"12","857",0.346269590604404,5,0.18,0.5,0.32,5.7,2.4,0,0.5,17.7,25.3,6,80,0.73,6.9,7,7,7,2
"13","13",0,0,0.38,0.32,0.3,6.5,2.6,0,0.4,26,30.9,4,33,0.5,4.4,5,43,14,1
"13","1371",0.526106723024771,1,0.16,0.5,0.34,5.5,4.1,0,0.8,16.5,24.9,10,232,1.01,7.3,8,22,14,3
"13","1372",0.526106723024771,2,0.16,0.5,0.34,5.5,4.1,0,0.8,16.5,24.9,10,232,1.01,7.3,8,22,14,3
"13","1373",0.526106723024771,3,0.16,0.5,0.34,5.5,4.1,0,0.8,16.5,24.9,10,232,1.01,7.3,8,22,14,3
"13","1374",0.526106723024771,4,0.16,0.5,0.34,5.5,4.1,0,0.8,16.5,24.9,10,232,1.01,7.3,8,22,14,3
"13","1375",0.526106723024771,5,0.16,0.5,0.34,5.5,4.1,0,0.8,16.5,24.9,10,232,1.01,7.3,8,22,14,3
"14","14",0,0,0.22,0.38,0.4,6.9,2.9,0,0.5,23,29.1,5,26,0.5,5.6,5,41,16,1
"14","206",0.217289204413516,1,0.14,0.54,0.32,6,1.6,0,0.2,20,27.5,3,40,0.4,7.1,6,14,3,1
"14","1474",0.220456709426175,2,0.16,0.6,0.24,6.2,2.2,0,0.6,19.7,30.8,8,57,0.82,10.2,7,16,5,2
"14","1094",0.240886825016695,3,0.16,0.58,0.26,6.3,2.6,0,0.4,19.4,25,6,6,0.49,5.1,4,5,5,1
"14","389",0.248851319485881,4,0.18,0.52,0.3,6.2,2.5,0,0.4,23,28.8,2.7,55,0.5,5.3,9,12,9,1
"14","391",0.249604530708675,5,0.14,0.52,0.34,6.3,1.8,0,0.2,16,22.3,2,49,0.3,6,7,9,11,1
"15","15",0,0,0.32,0.34,0.34,6.4,2.5,0,0.3,26,31.2,5,50,0.7,4.5,5,46,14,1
"15","289",1.26053475907404,1,0,0,0,7.4,2.2,0,0.4,38,45,2,69,0.6,6.4,87,29,13,3
"15","144",1.35334467809196,2,0.22,0.34,0.44,5.5,2.3,0,0.5,20,27.1,5,86,0.8,6.3,20,27,8,2
"15","146",1.35894530274924,3,0.28,0.34,0.38,5.4,2.2,0.5,0.4,16,24,4,109,1.1,6.4,20,27,8,3
"15","394",1.36908331623775,4,0.16,0.6,0.26,5.3,3.5,0.3,0.4,16,22.5,3.7,96,0.4,5.8,15,9,26,1
"15","143",1.37241722254534,5,0.24,0.38,0.38,5.9,2.8,0,0.5,23,30.8,4,64,1,6.8,19,34,6,2
"16","16",0,0,0.22,0.3,0.48,6.8,2,0,0.4,22,27.1,3,26,41,4.6,3,44,12,2
"16","289",5.32826259522576,1,0,0,0,7.4,2.2,0,0.4,38,45,2,69,0.6,6.4,87,29,13,3
"16","307",5.70220914568449,2,0,0,0,5.3,6.8,0.3,0.9,23,34.8,20,296,1.1,10.4,34,20,71,4
"16","1468",5.74146272651844,3,0.22,0.5,0.28,4.9,4.5,0.8,0.9,20.1,28.7,13,383,0.95,6.7,14,19,20,4
"16","1469",5.74146272651844,4,0.22,0.5,0.28,4.9,4.5,0.8,0.9,20.1,28.7,13,383,0.95,6.7,14,19,20,4
"16","1470",5.74146272651844,5,0.22,0.5,0.28,4.9,4.5,0.8,0.9,20.1,28.7,13,383,0.95,6.7,14,19,20,4
"17","17",0,0,0.26,0.26,0.48,6.7,1.8,0,0.3,17,21,6,67,0.3,3.7,12,27,17,1
"17","206",0.114030731708703,1,0.14,0.54,0.32,6,1.6,0,0.2,20,27.5,3,40,0.4,7.1,6,14,3,1
"17","205",0.152837722474063,2,0.14,0.54,0.32,5.7,1.7,0,0.3,23,29.6,3,46,0.5,6.1,6,13,6,1
"17","852",0.155690850073105,3,0.14,0.58,0.28,5.7,2.2,0,0.8,19.1,28.3,6,59,0.58,8.6,8,17,4,2
"17","1474",0.167412200121935,4,0.16,0.6,0.24,6.2,2.2,0,0.6,19.7,30.8,8,57,0.82,10.2,7,16,5,2
"17","216",0.175442439422781,5,0.08,0.56,0.36,5.9,1.7,0,0.2,19,26.6,3,65,0.97,6.6,5,10,7,1
"18","18",0,0,0.1,0.58,0.32,6.2,2.8,0,0.4,22,30,5,50,0.5,7.5,6,30,11,1
"18","1478",0.382791817373701,1,0.16,0.58,0.26,5.3,3.3,0.5,0.9,20.4,29.9,12,250,1.08,7.8,11,19,16,4
"18","1479",0.382791817373701,2,0.16,0.58,0.26,5.3,3.3,0.5,0.9,20.4,29.9,12,250,1.08,7.8,11,19,16,4
"18","1480",0.382791817373701,3,0.16,0.58,0.26,5.3,3.3,0.5,0.9,20.4,29.9,12,250,1.08,7.8,11,19,16,4
"18","1481",0.382791817373701,4,0.16,0.58,0.26,5.3,3.3,0.5,0.9,20.4,29.9,12,250,1.08,7.8,11,19,16,4
"18","1482",0.382791817373701,5,0.16,0.58,0.26,5.3,3.3,0.5,0.9,20.4,29.9,12,250,1.08,7.8,11,19,16,4
"19","19",0,0,0.12,0.56,0.32,6.1,2.6,0,0.4,24,31.5,5,41,0.6,6.9,9,26,10,1
"19","1468",1.572666955171,1,0.22,0.5,0.28,4.9,4.5,0.8,0.9,20.1,28.7,13,383,0.95,6.7,14,19,20,4
"19","1469",1.572666955171,2,0.22,0.5,0.28,4.9,4.5,0.8,0.9,20.1,28.7,13,383,0.95,6.7,14,19,20,4
"19","1470",1.572666955171,3,0.22,0.5,0.28,4.9,4.5,0.8,0.9,20.1,28.7,13,383,0.95,6.7,14,19,20,4
"19","1471",1.572666955171,4,0.22,0.5,0.28,4.9,4.5,0.8,0.9,20.1,28.7,13,383,0.95,6.7,14,19,20,4
"19","1472",1.572666955171,5,0.22,0.5,0.28,4.9,4.5,0.8,0.9,20.1,28.7,13,383,0.95,6.7,14,19,20,4
"20","20",0,0,0.12,0.66,0.22,5.9,3.2,0,0.4,24,31.5,5,50,0.6,6.9,8,25,8,1
"20","1468",2.38062473884063,1,0.22,0.5,0.28,4.9,4.5,0.8,0.9,20.1,28.7,13,383,0.95,6.7,14,19,20,4
"20","1469",2.38062473884063,2,0.22,0.5,0.28,4.9,4.5,0.8,0.9,20.1,28.7,13,383,0.95,6.7,14,19,20,4
"20","1470",2.38062473884063,3,0.22,0.5,0.28,4.9,4.5,0.8,0.9,20.1,28.7,13,383,0.95,6.7,14,19,20,4
"20","1471",2.38062473884063,4,0.22,0.5,0.28,4.9,4.5,0.8,0.9,20.1,28.7,13,383,0.95,6.7,14,19,20,4
"20","1472",2.38062473884063,5,0.22,0.5,0.28,4.9,4.5,0.8,0.9,20.1,28.7,13,383,0.95,6.7,14,19,20,4
"21","21",0,0,0.14,0.62,0.24,6,3,0,0.4,26,34.9,5,62,0.8,8.1,7,24,13,1
"21","1478",0.934387803587052,1,0.16,0.58,0.26,5.3,3.3,0.5,0.9,20.4,29.9,12,250,1.08,7.8,11,19,16,4
"21","1479",0.934387803587052,2,0.16,0.58,0.26,5.3,3.3,0.5,0.9,20.4,29.9,12,250,1.08,7.8,11,19,16,4
"21","1480",0.934387803587052,3,0.16,0.58,0.26,5.3,3.3,0.5,0.9,20.4,29.9,12,250,1.08,7.8,11,19,16,4
"21","1481",0.934387803587052,4,0.16,0.58,0.26,5.3,3.3,0.5,0.9,20.4,29.9,12,250,1.08,7.8,11,19,16,4
"21","1482",0.934387803587052,5,0.16,0.58,0.26,5.3,3.3,0.5,0.9,20.4,29.9,12,250,1.08,7.8,11,19,16,4
"22","22",0,0,0.32,0.32,0.36,6.1,2.2,0,0.3,26,33.9,3,43,0.7,7.2,8,15,10,1
"22","1468",1.69574114739683,1,0.22,0.5,0.28,4.9,4.5,0.8,0.9,20.1,28.7,13,383,0.95,6.7,14,19,20,4
"22","1469",1.69574114739683,2,0.22,0.5,0.28,4.9,4.5,0.8,0.9,20.1,28.7,13,383,0.95,6.7,14,19,20,4
"22","1470",1.69574114739683,3,0.22,0.5,0.28,4.9,4.5,0.8,0.9,20.1,28.7,13,383,0.95,6.7,14,19,20,4
"22","1471",1.69574114739683,4,0.22,0.5,0.28,4.9,4.5,0.8,0.9,20.1,28.7,13,383,0.95,6.7,14,19,20,4
"22","1472",1.69574114739683,5,0.22,0.5,0.28,4.9,4.5,0.8,0.9,20.1,28.7,13,383,0.95,6.7,14,19,20,4
"23","23",0,0,0.26,0.4,0.34,6.7,2.6,0,0.3,25,33.7,4,42,0.7,8,6,25,7,1
"23","1468",1.84363644915179,1,0.22,0.5,0.28,4.9,4.5,0.8,0.9,20.1,28.7,13,383,0.95,6.7,14,19,20,4
"23","1469",1.84363644915179,2,0.22,0.5,0.28,4.9,4.5,0.8,0.9,20.1,28.7,13,383,0.95,6.7,14,19,20,4
"23","1470",1.84363644915179,3,0.22,0.5,0.28,4.9,4.5,0.8,0.9,20.1,28.7,13,383,0.95,6.7,14,19,20,4
"23","1471",1.84363644915179,4,0.22,0.5,0.28,4.9,4.5,0.8,0.9,20.1,28.7,13,383,0.95,6.7,14,19,20,4
"23","1472",1.84363644915179,5,0.22,0.5,0.28,4.9,4.5,0.8,0.9,20.1,28.7,13,383,0.95,6.7,14,19,20,4
"24","24",0,0,0.32,0.36,0.32,6.1,2.5,0,0.4,19,24.7,4,64,0.4,5.3,7,25,13,1
"24","1468",1.21468242635836,1,0.22,0.5,0.28,4.9,4.5,0.8,0.9,20.1,28.7,13,383,0.95,6.7,14,19,20,4
"24","1469",1.21468242635836,2,0.22,0.5,0.28,4.9,4.5,0.8,0.9,20.1,28.7,13,383,0.95,6.7,14,19,20,4
"24","1470",1.21468242635836,3,0.22,0.5,0.28,4.9,4.5,0.8,0.9,20.1,28.7,13,383,0.95,6.7,14,19,20,4
"24","1471",1.21468242635836,4,0.22,0.5,0.28,4.9,4.5,0.8,0.9,20.1,28.7,13,383,0.95,6.7,14,19,20,4
"24","1472",1.21468242635836,5,0.22,0.5,0.28,4.9,4.5,0.8,0.9,20.1,28.7,13,383,0.95,6.7,14,19,20,4
"25","25",0,0,0.44,0.3,0.26,6.2,2.8,0,0.4,22,30.3,4,55,0.6,7.7,5,23,12,1
"25","393",0.345125474225221,1,0.12,0.62,0.26,5.3,3.6,0.3,0.4,22,29.2,4.8,99,0.5,6.4,14,12,19,1
"25","394",0.359464160022127,2,0.16,0.6,0.26,5.3,3.5,0.3,0.4,16,22.5,3.7,96,0.4,5.8,15,9,26,1
"25","988",0.359944508032351,3,0.14,0.58,0.28,5.5,3.1,0,0.7,18.7,27.6,8,88,0.65,8.2,7,17,12,2
"25","389",0.379838461039451,4,0.18,0.52,0.3,6.2,2.5,0,0.4,23,28.8,2.7,55,0.5,5.3,9,12,9,1
"25","1101",0.381040773942135,5,0.16,0.58,0.26,5.6,3,0,0.5,17.5,26.1,6,62,0.63,8,5,17,5,1
"26","26",0,0,0.22,0.36,0.42,5.9,2,0,0.4,23,30.5,4,45,0.5,7,5,21,9,2
"26","146",0.902667854895695,1,0.28,0.34,0.38,5.4,2.2,0.5,0.4,16,24,4,109,1.1,6.4,20,27,8,3
"26","1001",0.908716495339193,2,0.16,0.42,0.42,5,4.2,0.8,0.6,16.8,27.3,11,197,0.65,9,12,14,14,2
"26","144",0.910376092531436,3,0.22,0.34,0.44,5.5,2.3,0,0.5,20,27.1,5,86,0.8,6.3,20,27,8,2
"26","1371",0.911901777718092,4,0.16,0.5,0.34,5.5,4.1,0,0.8,16.5,24.9,10,232,1.01,7.3,8,22,14,3
"26","1372",0.911901777718092,5,0.16,0.5,0.34,5.5,4.1,0,0.8,16.5,24.9,10,232,1.01,7.3,8,22,14,3
"27","27",0,0,0.2,0.48,0.32,6.8,2.3,0,0.3,25,32.7,2,67,0.6,7.1,10,32,11,3
"27","709",0.231377098590274,1,0.16,0.64,0.2,5.7,4,0,0.33,17.7,25.9,7,69,0.46,7.7,6,9,7,2
"27","988",0.247305202979221,2,0.14,0.58,0.28,5.5,3.1,0,0.7,18.7,27.6,8,88,0.65,8.2,7,17,12,2
"27","993",0.254691851991731,3,0.12,0.6,0.28,6.3,3.9,0,0.7,22.6,29.9,6,78,0.69,6.6,4,21,15,1
"27","393",0.255460718515785,4,0.12,0.62,0.26,5.3,3.6,0.3,0.4,22,29.2,4.8,99,0.5,6.4,14,12,19,1
"27","708",0.261184629067559,5,0.14,0.62,0.24,5.7,3.9,0,0.29,18,27.8,7,48,1.1,8.7,7,14,8,3
"28","28",0,0,0.16,0.56,0.28,6.3,2.9,0,0.4,27,35.8,5,78,0.7,8.1,12,40,12,2
"28","394",1.07033694020713,1,0.16,0.6,0.26,5.3,3.5,0.3,0.4,16,22.5,3.7,96,0.4,5.8,15,9,26,1
"28","393",1.07554993894201,2,0.12,0.62,0.26,5.3,3.6,0.3,0.4,22,29.2,4.8,99,0.5,6.4,14,12,19,1
"28","1478",1.07580232458626,3,0.16,0.58,0.26,5.3,3.3,0.5,0.9,20.4,29.9,12,250,1.08,7.8,11,19,16,4
"28","1479",1.07580232458626,4,0.16,0.58,0.26,5.3,3.3,0.5,0.9,20.4,29.9,12,250,1.08,7.8,11,19,16,4
"28","1480",1.07580232458626,5,0.16,0.58,0.26,5.3,3.3,0.5,0.9,20.4,29.9,12,250,1.08,7.8,11,19,16,4
"29","29",0,0,0.22,0.42,0.36,6.5,2.8,0,0.3,23,29.4,8,56,0.5,5.9,14,13,8,1
"29","289",1.48967979967509,1,0,0,0,7.4,2.2,0,0.4,38,45,2,69,0.6,6.4,87,29,13,3
"29","1478",1.54044493776001,2,0.16,0.58,0.26,5.3,3.3,0.5,0.9,20.4,29.9,12,250,1.08,7.8,11,19,16,4
"29","1479",1.54044493776001,3,0.16,0.58,0.26,5.3,3.3,0.5,0.9,20.4,29.9,12,250,1.08,7.8,11,19,16,4
"29","1480",1.54044493776001,4,0.16,0.58,0.26,5.3,3.3,0.5,0.9,20.4,29.9,12,250,1.08,7.8,11,19,16,4
"29","1481",1.54044493776001,5,0.16,0.58,0.26,5.3,3.3,0.5,0.9,20.4,29.9,12,250,1.08,7.8,11,19,16,4
"30","30",0,0,0.14,0.46,0.4,5.7,1.9,0,0.3,25,31.7,4,45,0.4,6.3,9,30,14,2
"30","393",0.834375890186335,1,0.12,0.62,0.26,5.3,3.6,0.3,0.4,22,29.2,4.8,99,0.5,6.4,14,12,19,1
"30","394",0.845251946372241,2,0.16,0.6,0.26,5.3,3.5,0.3,0.4,16,22.5,3.7,96,0.4,5.8,15,9,26,1
"30","88",0.848803360290908,3,0.2,0.62,0.18,5.3,3,0.7,0.2,21,27.9,5,86,0.6,5.6,17,17,27,2
"30","143",0.856436461951289,4,0.24,0.38,0.38,5.9,2.8,0,0.5,23,30.8,4,64,1,6.8,19,34,6,2
"30","144",0.867335553298727,5,0.22,0.34,0.44,5.5,2.3,0,0.5,20,27.1,5,86,0.8,6.3,20,27,8,2
"31","31",0,0,0,0,0,5.2,1.2,1.3,0.4,12,18.2,2,31,0.3,4.6,4,17,9,1
"31","1468",2.30219353432969,1,0.22,0.5,0.28,4.9,4.5,0.8,0.9,20.1,28.7,13,383,0.95,6.7,14,19,20,4
"31","1469",2.30219353432969,2,0.22,0.5,0.28,4.9,4.5,0.8,0.9,20.1,28.7,13,383,0.95,6.7,14,19,20,4
"31","1470",2.30219353432969,3,0.22,0.5,0.28,4.9,4.5,0.8,0.9,20.1,28.7,13,383,0.95,6.7,14,19,20,4
"31","1471",2.30219353432969,4,0.22,0.5,0.28,4.9,4.5,0.8,0.9,20.1,28.7,13,383,0.95,6.7,14,19,20,4
"31","1472",2.30219353432969,5,0.22,0.5,0.28,4.9,4.5,0.8,0.9,20.1,28.7,13,383,0.95,6.7,14,19,20,4
"32","32",0,0,0,0,0,5.6,2,0,0.5,22,30.3,2,24,0.4,7.9,4,13,8,1
"32","493",0.179875826225834,1,0.14,0.6,0.26,6.5,2.1,0,0.19,14.2,20.3,5,66,0.48,5.6,6,12,9,1
"32","533",0.187792394439477,2,0.18,0.5,0.32,6.2,2.2,0,0.31,16.6,23.7,5,102,0.84,6.3,4,20,10,2
"32","852",0.189672731338189,3,0.14,0.58,0.28,5.7,2.2,0,0.8,19.1,28.3,6,59,0.58,8.6,8,17,4,2
"32","1006",0.19520927856678,4,0.08,0.62,0.3,5.7,2,0,0.6,14.6,20.5,5,79,0.69,5.2,8,17,6,2
"32","1221",0.195379211046705,5,0.18,0.5,0.32,5.9,2.5,0,0.6,16.7,25,6,127,0.56,7.5,5,20,6,2
"33","33",0,0,0,0,0,5.6,2,0,0.4,21,29.2,2,20,0.3,7.9,4,12,10,1
"33","988",0.23738794020603,1,0.14,0.58,0.28,5.5,3.1,0,0.7,18.7,27.6,8,88,0.65,8.2,7,17,12,2
"33","1103",0.261839829847574,2,0.06,0.68,0.26,5.8,3,0,0.5,19.9,29,8,78,0.9,8.2,7,19,6,2
"33","993",0.265669328223874,3,0.12,0.6,0.28,6.3,3.9,0,0.7,22.6,29.9,6,78,0.69,6.6,4,21,15,1
"33","590",0.267771594447508,4,0.12,0.54,0.34,5.5,3.6,0,0.16,19.1,28.6,10,83,0.46,9,8,19,21,2
"33","588",0.269698030673205,5,0.08,0.56,0.36,5.8,3.5,0,0.2,20.8,28.9,7,73,0.7,7.4,6,25,18,1
"34","34",0,0,0,0,0,5.4,1.7,0.5,0.4,21,29.9,3,21,0.3,8.1,5,12,7,1
"34","1468",2.27731592216925,1,0.22,0.5,0.28,4.9,4.5,0.8,0.9,20.1,28.7,13,383,0.95,6.7,14,19,20,4
"34","1469",2.27731592216925,2,0.22,0.5,0.28,4.9,4.5,0.8,0.9,20.1,28.7,13,383,0.95,6.7,14,19,20,4
"34","1470",2.27731592216925,3,0.22,0.5,0.28,4.9,4.5,0.8,0.9,20.1,28.7,13,383,0.95,6.7,14,19,20,4
"34","1471",2.27731592216925,4,0.22,0.5,0.28,4.9,4.5,0.8,0.9,20.1,28.7,13,383,0.95,6.7,14,19,20,4
"34","1472",2.27731592216925,5,0.22,0.5,0.28,4.9,4.5,0.8,0.9,20.1,28.7,13,383,0.95,6.7,14,19,20,4
"35","35",0,0,0,0,0,5.4,1.9,0.3,0.4,25,33.2,4,31,0.4,7.5,6,15,9,1
"35","1379",0.349205207365839,1,0.2,0.56,0.24,5.3,4.1,0.2,0.8,19.7,30.7,10,169,1.09,9.6,9,23,10,2
"35","1380",0.349205207365839,2,0.2,0.56,0.24,5.3,4.1,0.2,0.8,19.7,30.7,10,169,1.09,9.6,9,23,10,2
"35","1381",0.349205207365839,3,0.2,0.56,0.24,5.3,4.1,0.2,0.8,19.7,30.7,10,169,1.09,9.6,9,23,10,2
"35","393",0.360658702744455,4,0.12,0.62,0.26,5.3,3.6,0.3,0.4,22,29.2,4.8,99,0.5,6.4,14,12,19,1
"35","988",0.364042087622776,5,0.14,0.58,0.28,5.5,3.1,0,0.7,18.7,27.6,8,88,0.65,8.2,7,17,12,2
"36","36",0,0,0,0,0,5.1,2.5,0.8,0.5,26,36.8,4,36,0.7,9.3,7,17,10,1
"36","289",1.67869829076465,1,0,0,0,7.4,2.2,0,0.4,38,45,2,69,0.6,6.4,87,29,13,3
"36","1468",1.82542837866329,2,0.22,0.5,0.28,4.9,4.5,0.8,0.9,20.1,28.7,13,383,0.95,6.7,14,19,20,4
"36","1469",1.82542837866329,3,0.22,0.5,0.28,4.9,4.5,0.8,0.9,20.1,28.7,13,383,0.95,6.7,14,19,20,4
"36","1470",1.82542837866329,4,0.22,0.5,0.28,4.9,4.5,0.8,0.9,20.1,28.7,13,383,0.95,6.7,14,19,20,4
"36","1471",1.82542837866329,5,0.22,0.5,0.28,4.9,4.5,0.8,0.9,20.1,28.7,13,383,0.95,6.7,14,19,20,4
"37","37",0,0,0,0,0,6,3.3,0,0.5,23,33.6,5,20,0.6,10,5,20,10,1
"37","1468",3.18477714004062,1,0.22,0.5,0.28,4.9,4.5,0.8,0.9,20.1,28.7,13,383,0.95,6.7,14,19,20,4
"37","1469",3.18477714004062,2,0.22,0.5,0.28,4.9,4.5,0.8,0.9,20.1,28.7,13,383,0.95,6.7,14,19,20,4
"37","1470",3.18477714004062,3,0.22,0.5,0.28,4.9,4.5,0.8,0.9,20.1,28.7,13,383,0.95,6.7,14,19,20,4
"37","1471",3.18477714004062,4,0.22,0.5,0.28,4.9,4.5,0.8,0.9,20.1,28.7,13,383,0.95,6.7,14,19,20,4
"37","1472",3.18477714004062,5,0.22,0.5,0.28,4.9,4.5,0.8,0.9,20.1,28.7,13,383,0.95,6.7,14,19,20,4
"38","38",0,0,0,0,0,5.4,2.3,0.7,0.5,32,43.2,6,49,0.8,9.7,4,14,11,1
"38","289",1.94703899775428,1,0,0,0,7.4,2.2,0,0.4,38,45,2,69,0.6,6.4,87,29,13,3
"38","306",2.3044128137187,2,0,0,0,5.5,4.4,0,0.5,31,43.3,17,162,1.2,11.1,37,18,20,3
"38","88",2.30695639389847,3,0.2,0.62,0.18,5.3,3,0.7,0.2,21,27.9,5,86,0.6,5.6,17,17,27,2
"38","1468",2.31145879513087,4,0.22,0.5,0.28,4.9,4.5,0.8,0.9,20.1,28.7,13,383,0.95,6.7,14,19,20,4
"38","1469",2.31145879513087,5,0.22,0.5,0.28,4.9,4.5,0.8,0.9,20.1,28.7,13,383,0.95,6.7,14,19,20,4
"39","39",0,0,0,0,0,5.1,2.6,1.2,0.5,34,46.4,5,79,0.7,10.5,4,13,18,1
"39","217",0.193999268800149,1,0.16,0.7,0.14,6.3,2,0,0.2,18,25.8,2,64,0.64,7.2,3,11,9,1
"39","1102",0.201105793058933,2,0.14,0.68,0.18,5.8,2.4,0,0.5,19.6,29,6,47,0.85,8.5,6,23,5,1
"39","1100",0.208930667622983,3,0.12,0.68,0.2,5.8,2.5,0,0.7,20.8,30.5,6,56,0.69,9,5,18,5,2
"39","442",0.221670799686391,4,0.08,0.72,0.2,5.7,2.5,0,0.24,19.6,28.5,6,65,0.73,8.2,5,17,9,1
"39","1474",0.231019978527947,5,0.16,0.6,0.24,6.2,2.2,0,0.6,19.7,30.8,8,57,0.82,10.2,7,16,5,2
"40","40",0,0,0,0,0,5.2,2.7,0.9,0.5,27,37.2,7,53,0.7,8.6,5,14,15,1
"40","1468",2.52199750077051,1,0.22,0.5,0.28,4.9,4.5,0.8,0.9,20.1,28.7,13,383,0.95,6.7,14,19,20,4
"40","1469",2.52199750077051,2,0.22,0.5,0.28,4.9,4.5,0.8,0.9,20.1,28.7,13,383,0.95,6.7,14,19,20,4
"40","1470",2.52199750077051,3,0.22,0.5,0.28,4.9,4.5,0.8,0.9,20.1,28.7,13,383,0.95,6.7,14,19,20,4
"40","1471",2.52199750077051,4,0.22,0.5,0.28,4.9,4.5,0.8,0.9,20.1,28.7,13,383,0.95,6.7,14,19,20,4
"40","1472",2.52199750077051,5,0.22,0.5,0.28,4.9,4.5,0.8,0.9,20.1,28.7,13,383,0.95,6.7,14,19,20,4
"41","41",0,0,0,0,0,5,3.1,1.4,0.5,27,36.9,7,63,0.4,8.1,5,13,14,1
"41","1468",2.60684559731967,1,0.22,0.5,0.28,4.9,4.5,0.8,0.9,20.1,28.7,13,383,0.95,6.7,14,19,20,4
"41","1469",2.60684559731967,2,0.22,0.5,0.28,4.9,4.5,0.8,0.9,20.1,28.7,13,383,0.95,6.7,14,19,20,4
"41","1470",2.60684559731967,3,0.22,0.5,0.28,4.9,4.5,0.8,0.9,20.1,28.7,13,383,0.95,6.7,14,19,20,4
"41","1471",2.60684559731967,4,0.22,0.5,0.28,4.9,4.5,0.8,0.9,20.1,28.7,13,383,0.95,6.7,14,19,20,4
"41","1472",2.60684559731967,5,0.22,0.5,0.28,4.9,4.5,0.8,0.9,20.1,28.7,13,383,0.95,6.7,14,19,20,4
"42","42",0,0,0,0,0,5.3,2.3,0.5,0.4,22,31.7,7,73,0.5,8.7,4,18,32,1
"42","1468",2.32774725584392,1,0.22,0.5,0.28,4.9,4.5,0.8,0.9,20.1,28.7,13,383,0.95,6.7,14,19,20,4
"42","1469",2.32774725584392,2,0.22,0.5,0.28,4.9,4.5,0.8,0.9,20.1,28.7,13,383,0.95,6.7,14,19,20,4
"42","1470",2.32774725584392,3,0.22,0.5,0.28,4.9,4.5,0.8,0.9,20.1,28.7,13,383,0.95,6.7,14,19,20,4
"42","1471",2.32774725584392,4,0.22,0.5,0.28,4.9,4.5,0.8,0.9,20.1,28.7,13,383,0.95,6.7,14,19,20,4
"42","1472",2.32774725584392,5,0.22,0.5,0.28,4.9,4.5,0.8,0.9,20.1,28.7,13,383,0.95,6.7,14,19,20,4
"43","43",0,0,0,0,0,6.1,3.1,0,0.6,27,35.6,6,24,0.5,8.1,4,24,13,1
"43","1474",0.1635616619616,1,0.16,0.6,0.24,6.2,2.2,0,0.6,19.7,30.8,8,57,0.82,10.2,7,16,5,2
"43","852",0.175815765002856,2,0.14,0.58,0.28,5.7,2.2,0,0.8,19.1,28.3,6,59,0.58,8.6,8,17,4,2
"43","206",0.201838110026032,3,0.14,0.54,0.32,6,1.6,0,0.2,20,27.5,3,40,0.4,7.1,6,14,3,1
"43","1101",0.208084852350398,4,0.16,0.58,0.26,5.6,3,0,0.5,17.5,26.1,6,62,0.63,8,5,17,5,1
"43","857",0.208824818764567,5,0.18,0.5,0.32,5.7,2.4,0,0.5,17.7,25.3,6,80,0.73,6.9,7,7,7,2
"44","44",0,0,0,0,0,7.1,2.7,0,0.4,30,37.2,5,18,0.4,6.8,1,31,15,1
"44","1468",2.75151094189451,1,0.22,0.5,0.28,4.9,4.5,0.8,0.9,20.1,28.7,13,383,0.95,6.7,14,19,20,4
"44","1469",2.75151094189451,2,0.22,0.5,0.28,4.9,4.5,0.8,0.9,20.1,28.7,13,383,0.95,6.7,14,19,20,4
"44","1470",2.75151094189451,3,0.22,0.5,0.28,4.9,4.5,0.8,0.9,20.1,28.7,13,383,0.95,6.7,14,19,20,4
"44","1471",2.75151094189451,4,0.22,0.5,0.28,4.9,4.5,0.8,0.9,20.1,28.7,13,383,0.95,6.7,14,19,20,4
"44","1472",2.75151094189451,5,0.22,0.5,0.28,4.9,4.5,0.8,0.9,20.1,28.7,13,383,0.95,6.7,14,19,20,4
"45","45",0,0,0,0,0,7.3,2.7,0,0.3,36,43,5,19,0.4,6.6,1,30,9,1
"45","1388",8.00526558464075,1,0.16,0.48,0.36,5.2,2,3.3,0.7,14.2,24.5,5,123,0.68,6.2,4,23,5,2
"45","1389",8.00526558464075,2,0.16,0.48,0.36,5.2,2,3.3,0.7,14.2,24.5,5,123,0.68,6.2,4,23,5,2
"45","1390",8.00526558464075,3,0.16,0.48,0.36,5.2,2,3.3,0.7,14.2,24.5,5,123,0.68,6.2,4,23,5,2
"45","1391",8.00526558464075,4,0.16,0.48,0.36,5.2,2,3.3,0.7,14.2,24.5,5,123,0.68,6.2,4,23,5,2
"45","1392",8.00526558464075,5,0.16,0.48,0.36,5.2,2,3.3,0.7,14.2,24.5,5,123,0.68,6.2,4,23,5,2
"46","46",0,0,0,0,0,7.1,2.3,0,0.24,18.2,23.3,4,32,0.56,4.5,3,34,11,1
"46","393",0.4294757628543,1,0.12,0.62,0.26,5.3,3.6,0.3,0.4,22,29.2,4.8,99,0.5,6.4,14,12,19,1
"46","1104",0.45299467524419,2,0.12,0.68,0.2,5.4,3.2,0.3,0.6,20.5,27.9,8,102,0.75,8.8,7,18,11,2
"46","1379",0.453244387213029,3,0.2,0.56,0.24,5.3,4.1,0.2,0.8,19.7,30.7,10,169,1.09,9.6,9,23,10,2
"46","1380",0.453244387213029,4,0.2,0.56,0.24,5.3,4.1,0.2,0.8,19.7,30.7,10,169,1.09,9.6,9,23,10,2
"46","1381",0.453244387213029,5,0.2,0.56,0.24,5.3,4.1,0.2,0.8,19.7,30.7,10,169,1.09,9.6,9,23,10,2
